feature1,feature2
12.407358948882276,-2.3512668762319726,2
3.2904317487209425,0.46009263442494897,2
5.903366673940333,-2.711137373290977,2
5.066153763835906,-3.7935675370838187,2
0.6159652286492379,1.1098531983351898,2
7.375933771167894,-5.231380054512821,2
-0.020496875243853463,-0.7681398323435786,2
11.810593391828448,-0.869684164148135,2
